{"training_metrics": [{"epoch": 1, "training_loss": 1.236304864935253, "training_accuracy": 0.66700679063797, "validation_loss": 0.26722320541739464, "validation_accuracy": 0.9156462550163269}], "test_accuracy": 0.9141689538955688}