{"training_metrics": [{"epoch": 1, "training_loss": 1.0978453580452048, "training_accuracy": 0.7149659991264343, "validation_loss": 0.30690807352463406, "validation_accuracy": 0.9129251837730408}], "test_accuracy": 0.912806510925293}