{"training_metrics": [{"epoch": 1, "training_loss": 1.2625084791494452, "training_accuracy": 0.6676870584487915, "validation_loss": 0.2840038165450096, "validation_accuracy": 0.9088435769081116}], "test_accuracy": 0.9318801164627075}